{"train/learning_rate":3e-06,"train/global_step":6006,"eval/model_preparation_time":0.0032,"eval/accuracy":0.9186619314927253,"train_steps_per_second":4.089,"_timestamp":1.7421027580384383e+09,"train_runtime":2136.668,"test/steps_per_second":21.949,"test/accuracy":0.915683354336121,"train_loss":0.2183262627302628,"test/f1":0.9156436583968991,"eval/loss":0.2114330232143402,"total_flos":1.856901648994135e+16,"test/model_preparation_time":0.0032,"_step":134,"train/epoch":11,"eval/samples_per_second":713.989,"test/runtime":12.4381,"test/loss":0.20777811110019684,"_wandb":{"runtime":2192},"train_samples_per_second":261.454,"eval/steps_per_second":22.33,"eval/runtime":12.2257,"eval/f1":0.9185874958724656,"train/loss":0.1407,"_runtime":2190.270316966,"train/grad_norm":3.029879331588745,"test/samples_per_second":701.794}