{
  "os": "Linux-6.1.85+-x86_64-with-glibc2.35",
  "python": "CPython 3.11.11",
  "startedAt": "2025-03-16T04:43:42.655845Z",
  "program": "cross_encoder_training_lim_cos.ipynb",
  "email": "veronika.zaslavskaya@gmail.com",
  "root": "/content",
  "host": "f391bda3c9e9",
  "executable": "/usr/bin/python3",
  "colab": "https://colab.research.google.com/notebook#fileId=1h1F8bHhoHsHKpJEdPPaDFxyNvnuLJU1Z",
  "cpu_count": 6,
  "cpu_count_logical": 12,
  "gpu": "NVIDIA L4",
  "gpu_count": 1,
  "disk": {
    "/": {
      "total": "253055008768",
      "used": "39598903296"
    }
  },
  "memory": {
    "total": "56866914304"
  },
  "cpu": {
    "count": 6,
    "countLogical": 12
  },
  "gpu_nvidia": [
    {
      "name": "NVIDIA L4",
      "memoryTotal": "24152899584",
      "cudaCores": 7424,
      "architecture": "Ada"
    }
  ],
  "cudaVersion": "12.4"
}